fold,model_type,train_mape,val_mape,train_mae,val_mae,train_r2,val_r2,train_rmse,val_rmse,best_params,best_cv_score,training_time,polynomial_degree,alpha
1,ridge,396.9998143141965,384.59512853434063,44.919898442594786,44.52356672157815,0.5712797139043286,0.5896192919908831,94.64284495162612,95.34598348953789,"{'polynomialfeatures__degree': 2, 'ridge__alpha': 100.0}",-27225.957252230535,23.154282331466675,2,100.0
2,ridge,384.04571933272797,384.3488945595574,44.40229525842782,44.48587001804421,0.5722222391557183,0.5856840977333495,94.54740132598157,95.76881338073247,"{'polynomialfeatures__degree': 2, 'ridge__alpha': 100.0}",-27054.920894897106,0.5018134117126465,2,100.0
3,ridge,389.610532056857,402.8125751440272,44.83917253241587,44.90668373488267,0.5825418822069277,0.5452395384970181,94.74064419762114,94.69190782127255,"{'polynomialfeatures__degree': 2, 'ridge__alpha': 100.0}",-27567.962666072825,0.46328139305114746,2,100.0
4,ridge,387.40086472247594,394.024771915106,44.407990471556055,45.504871411911246,0.5750675088084217,0.5767947525054473,93.65557426602727,98.99515712130827,"{'polynomialfeatures__degree': 2, 'ridge__alpha': 100.0}",-26686.675834380818,0.4924001693725586,2,100.0
5,ridge,394.7485936410124,388.2863943129475,45.381501416014146,44.830545735263215,0.5782931271935625,0.5628881258745644,95.86317521670702,90.06486423534488,"{'polynomialfeatures__degree': 2, 'ridge__alpha': 100.0}",-28515.52310951935,0.45397496223449707,2,100.0
