fold,train_mape,val_mape,train_mae,val_mae,train_r2,val_r2,train_rmse,val_rmse,best_params,best_cv_score,training_time
1,4.1932747594731845,4.202500006564059,0.06633089020092418,0.06522256774314936,0.9749457085035685,0.9787013702855907,0.2910022371822386,0.2754297269535035,"{'subsample': 0.9, 'reg_lambda': 5, 'reg_alpha': 0, 'n_estimators': 800, 'min_child_weight': 3, 'max_depth': 8, 'learning_rate': 0.2, 'gamma': 0.1, 'colsample_bytree': 0.8, 'colsample_bylevel': 0.8}",-0.19712325476242795,333.772118806839
2,2.3127583622640504,2.4431863861570613,0.04806100502718186,0.04643317667038544,0.9770798618683266,0.9811728167269478,0.27988654582074984,0.25339318526799753,"{'subsample': 1.0, 'reg_lambda': 1, 'reg_alpha': 0, 'n_estimators': 200, 'min_child_weight': 1, 'max_depth': 8, 'learning_rate': 0.2, 'gamma': 0, 'colsample_bytree': 0.8, 'colsample_bylevel': 0.8}",-0.1839633806474401,323.9197463989258
3,2.2872747273186707,2.4605349127869793,0.048156625350964245,0.048122998467390085,0.9785557011045362,0.9769161357283794,0.2761273434648332,0.2568819180088233,"{'subsample': 1.0, 'reg_lambda': 1, 'reg_alpha': 0, 'n_estimators': 200, 'min_child_weight': 1, 'max_depth': 8, 'learning_rate': 0.2, 'gamma': 0, 'colsample_bytree': 0.8, 'colsample_bylevel': 0.8}",-0.2175615471003848,325.7516086101532
4,2.3033617608911743,2.4382734959222505,0.048606199956890465,0.051556034861267475,0.9751681497952053,0.9739035369990079,0.29045486994139985,0.30187115733143877,"{'subsample': 1.0, 'reg_lambda': 1, 'reg_alpha': 0, 'n_estimators': 200, 'min_child_weight': 1, 'max_depth': 8, 'learning_rate': 0.2, 'gamma': 0, 'colsample_bytree': 0.8, 'colsample_bylevel': 0.8}",-0.20074520882250924,326.07284712791443
5,4.208615946830553,4.346359991831916,0.06438578729396281,0.07427135750435401,0.9787982762284961,0.9702626167866016,0.26574275557425975,0.3342840279366796,"{'subsample': 0.9, 'reg_lambda': 5, 'reg_alpha': 0, 'n_estimators': 800, 'min_child_weight': 3, 'max_depth': 8, 'learning_rate': 0.2, 'gamma': 0.1, 'colsample_bytree': 0.8, 'colsample_bylevel': 0.8}",-0.1871994723798366,322.2418510913849
