fold,train_mape,val_mape,train_mae,val_mae,train_r2,val_r2,epochs_trained,best_val_mape,training_time
1,21.667227,21.741138,9.586070803833472,9.665969314637122,0.8923913890266313,0.8825774381920314,345,19.074158,2285.2577266693115
2,19.611423,19.750452,9.582361719004519,9.710111809473533,0.8777294347611475,0.8983915395054656,400,18.758936,2698.4989943504333
3,20.82761,20.669216,9.954895008663078,9.492825418757153,0.8807333616579318,0.8926025977435209,400,19.582989,2749.8294591903687
4,19.486872,19.714169,9.7116427767509,10.365693766993362,0.8883440011749344,0.8668543892599561,209,19.249748,1391.8072845935822
5,21.446001,21.488924,8.536786155735518,8.424324476811792,0.9074854817384362,0.9077897239450169,400,18.861788,2676.4774963855743
