fold,train_mape,val_mape,train_mae,val_mae,train_r2,val_r2,train_rmse,val_rmse,best_params,best_cv_score,training_time,best_iteration
1,16.685634385623143,17.049603605156435,4.765911481426908,5.192638612598568,0.9850553561195831,0.9800730175552453,17.670285033392915,21.010176642018838,"{'subsample': 1.0, 'reg_lambda': 1.5, 'reg_alpha': 0.1, 'n_estimators': 200, 'max_depth': 6, 'learning_rate': 0.1, 'colsample_bytree': 1.0}",-56.79359036494082,28.661109447479248,200
2,16.147882725369655,16.947535633768847,4.36016128135966,4.614455256152462,0.9855416848542028,0.9835142746008024,17.381983708077026,19.103473302626025,"{'subsample': 0.8, 'reg_lambda': 1.5, 'reg_alpha': 0, 'n_estimators': 300, 'max_depth': 6, 'learning_rate': 0.2, 'colsample_bytree': 1.0}",-53.086144881371126,28.65143871307373,300
3,15.91574557760231,16.270348562956645,4.678090154180279,4.845101239588353,0.9849380207670111,0.9818583452158812,17.995789327239766,18.91298014609894,"{'subsample': 1.0, 'reg_lambda': 1, 'reg_alpha': 0.1, 'n_estimators': 200, 'max_depth': 6, 'learning_rate': 0.1, 'colsample_bytree': 1.0}",-53.64022511718495,28.601609706878662,200
4,17.519024613788346,17.64628560008744,4.8208638053590604,5.092382401924628,0.9852482872844518,0.9820291229525896,17.449978029571753,20.399666320111567,"{'subsample': 0.8, 'reg_lambda': 1.5, 'reg_alpha': 0, 'n_estimators': 300, 'max_depth': 6, 'learning_rate': 0.1, 'colsample_bytree': 1.0}",-57.539197401096885,29.445500135421753,300
5,15.243752430962584,15.165204897363157,4.522003714945409,4.571841297954708,0.9840708874702282,0.9850199531807303,18.63126145547728,16.673074162649534,"{'subsample': 1.0, 'reg_lambda': 1, 'reg_alpha': 0.1, 'n_estimators': 200, 'max_depth': 6, 'learning_rate': 0.1, 'colsample_bytree': 1.0}",-58.23087272205658,28.40857172012329,200
