fold,model_type,train_mape,val_mape,train_mae,val_mae,train_r2,val_r2,train_rmse,val_rmse,best_params,best_cv_score,training_time,polynomial_degree,alpha,l1_ratio,non_zero_coefs,total_coefs,sparsity
1,elasticnet,39.99114940657093,40.5943918744757,22.10475883161014,22.581330476078854,0.6219177540098453,0.6364224720496393,88.87792604256522,89.7444191125312,"{'elasticnet__alpha': 0.01, 'elasticnet__l1_ratio': 0.9, 'polynomialfeatures__degree': 3}",-0.8821483268998822,1963.6284959316254,3,0.01,0.9,51,219,0.7671232876712328
2,elasticnet,40.162779310296,40.15943633831506,22.12772623320005,22.63109721173608,0.6306068577255519,0.6025401026089396,87.85872761123268,93.80045889032361,"{'elasticnet__alpha': 0.01, 'elasticnet__l1_ratio': 0.9, 'polynomialfeatures__degree': 3}",-0.870953854563718,1982.1860048770905,3,0.01,0.9,56,219,0.7442922374429224
3,elasticnet,40.091905675976506,39.97824502283904,22.34608089809446,21.66527181901365,0.6333897902411043,0.6180606427735464,88.78347836601084,86.7798157747533,"{'elasticnet__alpha': 0.01, 'elasticnet__l1_ratio': 0.9, 'polynomialfeatures__degree': 3}",-0.8690949723026153,2019.5879700183868,3,0.01,0.9,57,219,0.7397260273972602
4,elasticnet,40.05443655129683,39.95915823321302,22.156539305253016,22.76661077850412,0.6200156148817819,0.6406238202895193,88.56385997714838,91.22483175789249,"{'elasticnet__alpha': 0.01, 'elasticnet__l1_ratio': 0.9, 'polynomialfeatures__degree': 3}",-0.829345866601721,2014.5731008052826,3,0.01,0.9,54,219,0.7534246575342466
5,elasticnet,40.03791896433408,39.81527123937,22.35493301782283,21.52974377288554,0.6273073804741929,0.6344272817666465,90.12014181685686,82.36562259263006,"{'elasticnet__alpha': 0.01, 'elasticnet__l1_ratio': 0.9, 'polynomialfeatures__degree': 3}",-0.876441296763069,1987.293046951294,3,0.01,0.9,54,219,0.7534246575342466
