fold,train_mape,val_mape,train_mae,val_mae,train_r2,val_r2,train_rmse,val_rmse,best_params,best_cv_score,training_time
1,3.4049299039368988,3.9089665047719024,0.024389481615071245,0.03046768786098915,0.9919255282034553,0.9823489785477796,0.09367778949441433,0.13055604100689094,"{'max_depth': 15, 'max_features': 'sqrt', 'min_samples_leaf': 1, 'min_samples_split': 2, 'n_estimators': 200}",-0.5471903346370651,723.10848736763
2,3.4508502202907416,3.987638190015096,0.025734369666098638,0.03392189616527609,0.990738018769799,0.9756085590230174,0.09871776461796578,0.16411516412718036,"{'max_depth': 15, 'max_features': 'sqrt', 'min_samples_leaf': 2, 'min_samples_split': 2, 'n_estimators': 200}",-0.552051886106279,698.8441345691681
3,3.5202525664570516,3.9633974520298225,0.026020946841727698,0.033601876915938814,0.9899679639569432,0.9769958841124337,0.10227798681919482,0.1620741565037888,"{'max_depth': 15, 'max_features': 'sqrt', 'min_samples_leaf': 2, 'min_samples_split': 5, 'n_estimators': 200}",-0.5533848970982219,696.7921681404114
4,3.215647011572087,3.5592200675718533,0.024154631430508302,0.028404013600024102,0.990385619120996,0.9823536443807752,0.10316832397250077,0.12492064737603652,"{'max_depth': 25, 'max_features': 'log2', 'min_samples_leaf': 1, 'min_samples_split': 5, 'n_estimators': 200}",-0.5813097473413852,698.2086055278778
5,3.1088293238189335,3.607289163769116,0.022489863897506297,0.02944279663322064,0.9922226038027192,0.9830503815155869,0.0892510630447259,0.14357377807380528,"{'max_depth': 25, 'max_features': 'sqrt', 'min_samples_leaf': 1, 'min_samples_split': 2, 'n_estimators': 200}",-0.5513335979896897,698.0726289749146
