fold,train_mape,val_mape,train_mae,val_mae,train_r2,val_r2,train_rmse,val_rmse,best_params,best_cv_score,training_time
1,43.30653644322422,41.14069203166556,17.747037212328486,17.98598726267329,0.6204919423332182,0.593797510952406,89.04535513667237,94.8593675459365,"{'C': 100, 'epsilon': 0.1, 'gamma': 0.1, 'kernel': 'rbf'}",-15927.852989465546,1190.3525531291962
2,42.93478381175095,44.989030619786675,17.709385284565148,18.302253901091706,0.6108029447702465,0.6411826833120056,90.18312244047016,89.12406815139428,"{'C': 100, 'epsilon': 0.1, 'gamma': 0.1, 'kernel': 'rbf'}",-16044.183071256428,1246.2320787906647
3,43.64521422839577,45.187429606202315,17.85093141918972,17.414760266263166,0.6420347412761239,0.6508268373072659,87.73044208855517,82.97398446530089,"{'C': 100, 'epsilon': 0.1, 'gamma': 0.1, 'kernel': 'rbf'}",-16431.34208032909,1161.6845893859863
4,43.148201801332604,42.81050106376135,17.624737051409067,18.535008978161123,0.623643255898378,0.5738854676774512,88.14009471060496,99.33484080711986,"{'C': 100, 'epsilon': 0.1, 'gamma': 0.1, 'kernel': 'rbf'}",-15640.603911582964,1213.8493392467499
5,44.35358931610762,44.345956835518784,17.895234326610325,17.247239553586873,0.6637612142051499,0.6811625824438504,85.59933181395228,76.92079036960699,"{'C': 100, 'epsilon': 0.1, 'gamma': 0.1, 'kernel': 'rbf'}",-15921.7698114336,1202.2968726158142
