fold,train_mape,val_mape,train_mae,val_mae,train_r2,val_r2,epochs_trained,best_val_mape,training_time
1,13.505552,13.264076,0.12879606561600299,0.12745106617177743,0.9509051448984943,0.9511695597649471,151,10.974622,255.84067964553833
2,8.4420395,8.5619,0.11056989348561004,0.1117091754467591,0.9624417523871879,0.9590541018069888,283,5.916499,434.38658595085144
3,13.657806,13.870544,0.13411677683123213,0.12885826568024747,0.9530089613864076,0.9595488807687116,213,11.09777,328.321102142334
4,11.665552,11.382444,0.10437509762960068,0.10472074699142706,0.9676429516744638,0.9696752978674292,258,9.14029,407.38561511039734
5,10.820928,11.003103,0.12903378131165022,0.13469922797187514,0.9541405237228328,0.9515147528975466,280,7.402259,448.1723165512085
