fold,model_type,train_mape,val_mape,train_mae,val_mae,train_r2,val_r2,train_rmse,val_rmse,best_params,best_cv_score,training_time,polynomial_degree,alpha,l1_ratio,non_zero_coefs,total_coefs,sparsity
1,elasticnet,515.1039548260442,514.4396183252876,51.846400841388146,52.417417402544935,0.11366116270203508,0.13393747029940428,136.0819924752444,138.51077499275942,"{'elasticnet__alpha': 10.0, 'elasticnet__l1_ratio': 0.1, 'polynomialfeatures__degree': 2}",-21028.213535568462,42.83325695991516,2,10.0,0.1,40,54,0.25925925925925924
2,elasticnet,512.4464403923928,515.7723981816374,51.76775171072173,52.649681190970014,0.12526928640447732,0.10423678771791922,135.20030863947918,140.81694440561571,"{'elasticnet__alpha': 10.0, 'elasticnet__l1_ratio': 0.1, 'polynomialfeatures__degree': 2}",-21066.12322768296,24.231024980545044,2,10.0,0.1,40,54,0.25925925925925924
3,elasticnet,519.7755355062386,524.4772102705457,52.61512903897187,50.739577126197,0.12689908262462302,0.1059658676043943,137.01310244985905,132.76957564721238,"{'elasticnet__alpha': 10.0, 'elasticnet__l1_ratio': 0.1, 'polynomialfeatures__degree': 2}",-21685.473344382663,24.07547664642334,2,10.0,0.1,40,54,0.25925925925925924
4,elasticnet,514.4207422107914,514.6790578234485,51.73288134856173,52.81452324331089,0.11356617559699222,0.13488785371253342,135.26854580145277,141.5385141232934,"{'elasticnet__alpha': 10.0, 'elasticnet__l1_ratio': 0.1, 'polynomialfeatures__degree': 2}",-20859.433010940113,24.211727619171143,2,10.0,0.1,40,54,0.25925925925925924
5,elasticnet,517.9187866285137,510.4180626585669,52.22795965273259,51.613276583752864,0.1242088187890904,0.11553181972181181,138.14868461207098,128.11506557861222,"{'elasticnet__alpha': 10.0, 'elasticnet__l1_ratio': 0.1, 'polynomialfeatures__degree': 2}",-21916.019079632064,24.150514125823975,2,10.0,0.1,40,54,0.25925925925925924
