fold,train_mape,val_mape,train_mae,val_mae,train_r2,val_r2,epochs_trained,best_val_loss,training_time
1,31.979877,32.101677,8.542189698412821,8.628082513004154,0.9475332314551519,0.9466529287207974,151,497.2889176839615,416.3424782752991
2,32.93362,33.22793,8.765762062835229,9.101017377902934,0.9486389543766952,0.9469988249359369,84,763.3356085921719,231.3153200149536
3,35.58362,35.762398,9.719230600692235,9.273573706614506,0.917391447490147,0.9255370699687534,106,433.960860881568,282.89585161209106
4,33.713444,33.93848,9.350031364831057,9.628302797125531,0.9337215204956832,0.9289859865071345,86,760.8410312901889,231.11983561515808
5,35.252613,34.686016,8.453123558744208,8.220491892393534,0.9442639212727449,0.9472093800510698,116,613.9823768514815,311.8962924480438
