fold,model_type,train_mape,val_mape,train_mae,val_mae,train_r2,val_r2,train_rmse,val_rmse,best_params,best_cv_score,training_time,polynomial_degree,alpha,l1_ratio,non_zero_coefs,total_coefs,sparsity
1,elasticnet,46.876567409840355,47.3117548560614,25.799175871177198,26.37395297655564,0.3886754483289815,0.3697318647913872,113.01515597308072,118.16030682929873,"{'elasticnet__alpha': 0.0005, 'elasticnet__l1_ratio': 0.9, 'polynomialfeatures__degree': 2}",-0.501815965211949,319.64384961128235,2,0.0005,0.9,36,54,0.3333333333333333
2,elasticnet,47.19357812321894,46.78368169995803,25.767972613454255,25.587246967176487,0.39120375070034685,0.4729195809325232,112.7915277622432,108.01815281572603,"{'elasticnet__alpha': 0.0005, 'elasticnet__l1_ratio': 0.9, 'polynomialfeatures__degree': 2}",-0.5105778814470378,310.53854036331177,2,0.0005,0.9,35,54,0.35185185185185186
3,elasticnet,46.71963950760464,47.19068753791926,26.012421639579042,23.96196671687878,0.39311304563715965,0.5338583158829671,114.23094749681457,95.86950562622509,"{'elasticnet__alpha': 0.0005, 'elasticnet__l1_ratio': 0.9, 'polynomialfeatures__degree': 2}",-0.49166645865635833,306.5730276107788,2,0.0005,0.9,36,54,0.3333333333333333
4,elasticnet,46.67551169942505,47.119952866419595,25.454166827120606,27.714817640512386,0.413903702835973,0.2697969462390504,109.9912532008179,130.0349963094585,"{'elasticnet__alpha': 0.0005, 'elasticnet__l1_ratio': 0.9, 'polynomialfeatures__degree': 2}",-0.5002847799983041,303.77314019203186,2,0.0005,0.9,36,54,0.3333333333333333
5,elasticnet,46.921911465200864,46.148147179307095,25.813368053318317,25.398289657183085,0.41751795665034475,0.35266967090753176,112.66466793910338,109.60290728453768,"{'elasticnet__alpha': 0.0005, 'elasticnet__l1_ratio': 0.9, 'polynomialfeatures__degree': 2}",-0.49623301764342304,301.57396817207336,2,0.0005,0.9,35,54,0.35185185185185186
