fold,train_mape,val_mape,train_mae,val_mae,train_r2,val_r2,epochs_trained,best_val_mape,training_time
1,10.1778965,10.269695,0.056123965482996856,0.05415630442184814,0.9699347568940923,0.9795943691099822,229,9.715503,419.529780626297
2,9.42085,9.668849,0.05487521472454503,0.05875267957323703,0.9731360339995895,0.9609985361465107,287,9.008482,468.5330686569214
3,9.904617,9.939628,0.05734573955904099,0.05929828277100688,0.9718179924732827,0.9679723410704255,235,8.967918,375.12205719947815
4,9.240967,9.209706,0.055349473406601214,0.05384693360846975,0.9725822246457245,0.9749528925887229,309,7.2063847,499.3557217121124
5,12.8501,12.906483,0.06084756884453953,0.06302375761387141,0.9692639592346475,0.9667772296455165,386,10.787969,610.2931845188141
