fold,model_type,train_mape,val_mape,train_mae,val_mae,train_r2,val_r2,train_rmse,val_rmse,best_params,best_cv_score,training_time,polynomial_degree,alpha
1,ridge_fixed,33.54539537538047,34.28215127909784,18.87239423615145,19.987678212161633,0.7069186798976165,0.5695271676854192,78.25189062706217,97.65214976697992,"{'polynomialfeatures__degree': 3, 'ridge__alpha': 0.1}",-27.006575288353947,9.22814679145813,3,0.1
2,ridge_fixed,33.76228154170608,33.93179598348759,18.97868623178455,19.1087273855567,0.68712502896051,0.7451756046253566,80.85854204868782,75.10672172477642,"{'polynomialfeatures__degree': 3, 'ridge__alpha': 0.1}",-25.462777520908116,1.8941888809204102,3,0.1
3,ridge_fixed,33.70812550455829,33.480378841519496,19.204757475994445,18.034907891155193,0.6673388053838623,0.7305611499186682,84.57284677956258,72.88726019273952,"{'polynomialfeatures__degree': 3, 'ridge__alpha': 0.1}",-26.28555383761811,2.2399096488952637,3,0.1
4,ridge_fixed,33.77804574037009,33.34665756813803,18.99863693041575,19.721089290183222,0.6702357533414255,0.5386775211150024,82.50408365502679,103.35720004909666,"{'polynomialfeatures__degree': 3, 'ridge__alpha': 0.1}",-26.80902033521005,2.0863420963287354,3,0.1
5,ridge_fixed,33.652931357864716,33.67697927973973,19.230485447282984,19.023764935239775,0.6525468510099999,0.7251354452930165,87.01509452182536,71.41977307766481,"{'polynomialfeatures__degree': 3, 'ridge__alpha': 0.1}",-26.70562386018349,2.0263803005218506,3,0.1
