fold,train_mape,val_mape,train_mae,val_mae,train_r2,val_r2,epochs_trained,best_val_mape,training_time
1,25.459055,25.734165,10.725160237215944,10.952027899251355,0.8240081583113329,0.8076118216312087,334,15.710499,2636.2600576877594
2,22.206442,21.919628,9.25920697106363,9.33695967168777,0.8685171715852454,0.8834150168625389,293,17.626368,2296.062591791153
3,24.204575,24.111267,11.847470338865147,11.454962429295886,0.7664525575480028,0.7769408570082788,239,16.541986,1873.3491327762604
4,24.775055,24.917126,11.092431842495095,11.71529119113049,0.8121235025068119,0.7885095103336097,201,15.050422,1580.9060719013214
5,23.981709,24.261822,9.73759623796909,9.389978933814284,0.8722862410867149,0.8866602438399966,201,16.714396,1576.3694970607758
