fold,model_type,train_mape,val_mape,train_mae,val_mae,train_r2,val_r2,train_rmse,val_rmse,best_params,best_cv_score,training_time,polynomial_degree,alpha,non_zero_coefs,total_coefs,sparsity
1,lasso_fixed,47.00675976638498,47.44860447171394,25.369429858456606,25.99527144612555,0.44839690989569414,0.42360568077868954,107.35298258947104,112.99748581449478,"{'lasso__alpha': 0.001, 'polynomialfeatures__degree': 2}",-0.5020762427420725,34.77678966522217,2,0.001,36,54,0.3333333333333333
2,lasso_fixed,47.32089571993546,46.91095400502551,25.371690679291675,25.175317012956395,0.44576910200012687,0.5259478974320125,107.6182342378831,102.44041839270113,"{'lasso__alpha': 0.001, 'polynomialfeatures__degree': 2}",-0.5111681926050867,31.865311861038208,2,0.001,35,54,0.35185185185185186
3,lasso_fixed,46.85343378626956,47.3399905073696,25.593784286941897,23.58748667302299,0.44996105302106604,0.5748442881010116,108.74933228218657,91.55783748094828,"{'lasso__alpha': 0.001, 'polynomialfeatures__degree': 2}",-0.49274477509170805,31.163087606430054,2,0.001,35,54,0.35185185185185186
4,lasso_fixed,46.80939186142316,47.21765491403395,25.023582256690435,27.203327067973003,0.47092557780665134,0.3393637982194978,104.50379084128215,123.6857342502679,"{'lasso__alpha': 0.001, 'polynomialfeatures__degree': 2}",-0.4998023569208642,31.10071635246277,2,0.001,34,54,0.37037037037037035
5,lasso_fixed,47.05131029292905,46.29380295532666,25.40637190143164,25.026610183908485,0.4699849221184961,0.41708395041941937,107.47082494908778,104.00688825982405,"{'lasso__alpha': 0.001, 'polynomialfeatures__degree': 2}",-0.49653440676424565,30.711615562438965,2,0.001,35,54,0.35185185185185186
