Fold,Alpha,MAE,RMSE,R2,TrainTime
1,1.0,43.91348466861423,152.40555597107868,-0.048536926961460614,17.587700605392456
2,1.0,44.08404037314449,152.35457384527376,-0.04856264873156779,7.647908449172974
3,1.0,41.76738144889545,143.68782918418805,-0.04712115168201603,11.731742858886719
4,1.0,44.16140029998646,155.72700760485893,-0.04725157543116976,9.84957480430603
5,1.0,42.93151248510806,139.89954120330916,-0.05466464429372819,7.662418842315674
