fold,train_mape,val_mape,train_mae,val_mae,train_r2,val_r2,epochs_trained,best_val_mape,training_time
1,18.770325,19.135765,9.220072193399265,9.508192773329748,0.8607428521639244,0.8470043417895835,111,18.344036,917.0532207489014
2,21.0845,21.039595,9.383813094463829,9.750834956641322,0.8579037687408024,0.8653959044661631,129,18.300095,1031.30912899971
3,27.29959,27.230299,11.851710290486936,11.430846015021398,0.8000923630957562,0.8049066887233989,111,18.04417,880.7523636817932
4,25.556099,25.639883,10.364077462366263,10.887665248002325,0.849997749901924,0.830647903973359,111,18.530766,882.6913692951202
5,21.904432,22.221937,9.327858142248996,9.032791810089892,0.8921589705925027,0.9032656740260168,157,17.84238,1247.800757408142
