fold,model_type,train_mape,val_mape,train_mae,val_mae,train_r2,val_r2,train_rmse,val_rmse,best_params,best_cv_score,training_time,polynomial_degree,alpha
1,ridge_fixed,46.82741312716027,47.254559590257415,26.3868970228941,26.908912560397756,0.3177721072530785,0.3060566235649804,119.38932738086221,123.98551550269411,"{'polynomialfeatures__degree': 2, 'ridge__alpha': 1e-05}",-0.5040739485204696,14.45701789855957,2,1e-05
2,ridge_fixed,47.13059816575089,46.72116942484724,26.349051691865892,26.25719151207506,0.3203835925451609,0.40323511375164267,119.17150464382263,114.9370207241621,"{'polynomialfeatures__degree': 2, 'ridge__alpha': 1e-05}",-0.5138909854593587,0.4058239459991455,2,1e-05
3,ridge_fixed,46.663007466220996,47.12472193821081,26.57698537098727,24.481417841626012,0.3261016910272163,0.48352278356099243,120.37243929114719,100.91299630646249,"{'polynomialfeatures__degree': 2, 'ridge__alpha': 1e-05}",-0.493165726060165,0.44258594512939453,2,1e-05
4,ridge_fixed,46.619796994159444,47.10210354220388,26.01796069057668,28.36166932838896,0.34619825358908096,0.18867218053490387,116.17072497550318,137.06816890957822,"{'polynomialfeatures__degree': 2, 'ridge__alpha': 1e-05}",-0.503893138775617,0.45287132263183594,2,1e-05
5,ridge_fixed,46.86177653100062,46.07796706198579,26.406057076307736,25.939603924668237,0.3511753107334302,0.2721579763468761,118.90774797088132,116.21914070831838,"{'polynomialfeatures__degree': 2, 'ridge__alpha': 1e-05}",-0.49939980000372297,0.44498419761657715,2,1e-05
