fold,train_mape,val_mape,train_mae,val_mae,train_r2,val_r2,train_rmse,val_rmse,best_params,best_cv_score,training_time
1,5.144058557419249,5.880904711863769,1.6726142739791843,2.0561880139884705,0.9985609539397882,0.9977025955085613,5.483250881797105,7.133910681011728,"{'max_depth': 20, 'max_features': 'sqrt', 'min_samples_leaf': 1, 'min_samples_split': 5, 'n_estimators': 100}",-19954.944680244666,201.69709086418152
2,5.2682038247057426,6.141208698587501,1.7514239763970776,2.1183559239339753,0.9979461910723343,0.9972850325093979,6.5511948065749275,7.752479416510285,"{'max_depth': None, 'max_features': 'sqrt', 'min_samples_leaf': 2, 'min_samples_split': 2, 'n_estimators': 200}",-20313.003552417835,197.05284905433655
3,5.168344279186883,5.996772748267337,1.6882637493826795,2.0264214077137246,0.9985553203857147,0.9970959842703113,5.573341443681356,7.566952357298577,"{'max_depth': 20, 'max_features': 'sqrt', 'min_samples_leaf': 1, 'min_samples_split': 5, 'n_estimators': 100}",-20837.30411366856,196.62908935546875
4,5.03979659206358,5.88432728609701,1.5476674940086483,2.12880328297271,0.9989379391836783,0.9954586522115311,4.6821826851930695,10.254885332144715,"{'max_depth': 20, 'max_features': 'sqrt', 'min_samples_leaf': 1, 'min_samples_split': 2, 'n_estimators': 100}",-19709.223207981213,197.0076961517334
5,5.164815492262041,5.981953609038153,1.6564866555762898,2.2440046796472606,0.9986292339941681,0.9957717762047523,5.465477780803455,8.85804902494954,"{'max_depth': 20, 'max_features': 'sqrt', 'min_samples_leaf': 1, 'min_samples_split': 5, 'n_estimators': 300}",-21256.190726403136,198.02807235717773
