fold,model_type,train_mape,val_mape,train_mae,val_mae,train_r2,val_r2,train_rmse,val_rmse,best_params,best_cv_score,training_time,polynomial_degree
1,linear,412.5705623072532,398.91596947644416,46.026848154146975,45.645645823684696,0.5725071895362086,0.5905790197557974,94.50726114297701,95.23442884257105,{'polynomialfeatures__degree': 2},-27901.726490638655,6.111273288726807,2
2,linear,399.0921864042442,399.859995356571,45.47173437709749,45.48435332794089,0.5734172799572742,0.5892500827805583,94.41524505944854,95.35578533619677,{'polynomialfeatures__degree': 2},-27774.657671046676,4.5214409828186035,2
3,linear,405.00853480262765,418.66052742799457,45.91504830357868,46.032342298562675,0.583784248593363,0.545561014844073,94.59956382474552,94.65843240627082,{'polynomialfeatures__degree': 2},-28289.873291205717,0.39034247398376465,2
4,linear,402.5623011561681,409.6982822990278,45.48470748948288,46.599862970010975,0.5763044174946456,0.5784549686078043,93.51916693202196,98.80078942428419,{'polynomialfeatures__degree': 2},-27455.700467542018,0.37509584426879883,2
5,linear,410.26407221898535,403.6425496832693,46.49790915536409,45.93648191541542,0.5794993874526717,0.5619888467680503,95.72597239117042,90.15746276773403,{'polynomialfeatures__degree': 2},-29329.596901648893,0.4048173427581787,2
