fold,train_mape,val_mape,train_mae,val_mae,train_r2,val_r2,epochs_trained,best_val_loss,training_time
1,44.898754,45.056484,11.634996033790824,11.922087334998242,0.9072653032383139,0.8990599725455299,110,772.1376251818233,580.5133848190308
2,42.079674,42.39685,9.1971737248944,9.23243883513785,0.9599463461705307,0.9671495012054391,140,547.44493225897,722.5724146366119
3,55.648697,56.062065,8.990597696544288,8.7195505767364,0.9601830940296595,0.9613864841449172,134,652.9272908729141,692.2834255695343
4,46.468525,46.779217,11.545129983765738,11.965785910247208,0.9334348632740804,0.9229667720154257,128,1177.30707181242,661.3767545223236
5,42.583996,42.00239,9.58891348237341,9.962895035836604,0.9600455185177812,0.9417897494217654,170,883.1147297823577,874.6835296154022
