fold,train_mape,val_mape,train_mae,val_mae,train_r2,val_r2,epochs_trained,best_val_mape,training_time
1,21.667227,21.741138,9.586070803833472,9.665969314637122,0.8923913890266313,0.8825774381920314,345,19.074158,2546.9358279705048
2,21.257404,21.34543,10.288020919654276,10.448055434087655,0.8566056355262865,0.8784130360260242,493,18.758936,3551.034977197647
3,22.535484,22.438501,11.424050722048655,10.893275936841965,0.8422632848231141,0.8549561132841375,254,19.198118,1809.5271887779236
4,20.013124,20.215881,11.641052943688708,12.384144044293986,0.8434769317522716,0.8197472251725517,262,18.857075,1906.072125196457
5,19.76667,19.828962,8.98898554121132,8.814615322599163,0.9011112573133448,0.903900354568924,416,18.861788,2958.2500717639923
