fold,model_type,train_mape,val_mape,train_mae,val_mae,train_r2,val_r2,train_rmse,val_rmse,best_params,best_cv_score,training_time,polynomial_degree,alpha
1,ridge_fixed,33.54876089279449,34.37302969389476,19.189186728763165,20.814618969685732,0.6645271277607236,0.30760187321502597,83.72004888212976,123.84739519230195,"{'polynomialfeatures__degree': 3, 'ridge__alpha': 50.0}",-6.379865878814312,13.924181699752808,3,50.0
2,ridge_fixed,33.774784472394614,33.802011631061795,19.3775767564755,18.96355615710051,0.6341546709934105,0.7934031446462217,87.43579282888089,67.6270056452352,"{'polynomialfeatures__degree': 3, 'ridge__alpha': 50.0}",-6.678533923145582,2.8164398670196533,3,50.0
3,ridge_fixed,33.71981867898412,33.4710247723158,19.569367798430772,18.22715540669081,0.5961505915882518,0.7612025805820453,93.18362551155722,68.61772767911822,"{'polynomialfeatures__degree': 3, 'ridge__alpha': 50.0}",-6.357269273238604,3.1962852478027344,3,50.0
4,ridge_fixed,33.770452193241695,33.443127259948575,19.28524233969919,20.74583783542859,0.6059305883796795,0.25324329924100986,90.19034001211132,131.50067781610295,"{'polynomialfeatures__degree': 3, 'ridge__alpha': 50.0}",-6.362432129900952,8.900811195373535,3,50.0
5,ridge_fixed,33.66586523709515,33.648664549857585,19.6057974530061,19.018707675686308,0.5796826817887708,0.7668434570793781,95.7051068555339,65.77833862258882,"{'polynomialfeatures__degree': 3, 'ridge__alpha': 50.0}",-6.63359386742257,9.000244855880737,3,50.0
