fold,model_type,train_mape,val_mape,train_mae,val_mae,train_r2,val_r2,train_rmse,val_rmse,best_params,best_cv_score,training_time,polynomial_degree,alpha,l1_ratio,non_zero_coefs,total_coefs,sparsity
1,elasticnet,186.47202207819055,183.87672032484767,39.41598152267019,39.684991715607154,0.3410416079540839,0.3699995314642084,117.3355913237928,118.13521359271438,"{'elasticnet__alpha': 0.1, 'elasticnet__l1_ratio': 0.3, 'polynomialfeatures__degree': 2}",-0.9974261978593025,347.60815596580505,2,0.1,0.3,19,54,0.6481481481481481
2,elasticnet,187.32496373921555,190.12978308583044,39.412830384506826,40.00411357047611,0.3487826932379574,0.33025406561781057,116.65502795131395,121.76244157621542,"{'elasticnet__alpha': 0.1, 'elasticnet__l1_ratio': 0.3, 'polynomialfeatures__degree': 2}",-1.0011689466012765,257.2620904445648,2,0.1,0.3,19,54,0.6481481481481481
3,elasticnet,185.18989058625343,187.41528459706024,39.77751207303747,38.833792900407836,0.35757773107790913,0.3194269461038206,117.52768224675874,115.84009162755318,"{'elasticnet__alpha': 0.1, 'elasticnet__l1_ratio': 0.3, 'polynomialfeatures__degree': 2}",-1.0254877229719173,224.94261121749878,2,0.1,0.3,19,54,0.6481481481481481
4,elasticnet,185.95582595552287,186.78452727272423,39.26192766665949,40.32325665538559,0.3439445412557883,0.3592936102095965,116.37077809552389,121.80579617951571,"{'elasticnet__alpha': 0.1, 'elasticnet__l1_ratio': 0.3, 'polynomialfeatures__degree': 2}",-0.9969795859427832,228.30872225761414,2,0.1,0.3,19,54,0.6481481481481481
5,elasticnet,185.90618948776913,182.94285882943743,39.707989786155906,38.85908357697107,0.35052536355503305,0.3472021518350654,118.96728979464707,110.06480124128439,"{'elasticnet__alpha': 0.1, 'elasticnet__l1_ratio': 0.3, 'polynomialfeatures__degree': 2}",-1.050747218617903,227.15054273605347,2,0.1,0.3,19,54,0.6481481481481481
