fold,model_type,train_mape,val_mape,train_mae,val_mae,train_r2,val_r2,train_rmse,val_rmse,best_params,best_cv_score,training_time,polynomial_degree,alpha,non_zero_coefs,total_coefs,sparsity
1,enhanced_lasso,46.879912083162786,47.31681215150027,25.787433038900204,26.364117970277587,0.39059510878657666,0.37143611512526487,112.83757328914847,118.00044545822789,"{'lasso__alpha': 0.0005, 'polynomialfeatures__degree': 2}",-0.5010235093265188,59.13104462623596,2,0.0005,36,54,0.3333333333333333
2,enhanced_lasso,47.19556958537361,46.78615715136374,25.760812345413107,25.577443867436383,0.39255793710273745,0.47430255975507685,112.66601303884079,107.87634813732478,"{'lasso__alpha': 0.0005, 'polynomialfeatures__degree': 2}",-0.5099783343964942,51.30390381813049,2,0.0005,35,54,0.35185185185185186
3,enhanced_lasso,46.72294585105422,47.194225148194214,25.999961551643626,23.949296273751475,0.3950309068312515,0.5353699053327852,114.05031051393965,95.71393811232782,"{'lasso__alpha': 0.0005, 'polynomialfeatures__degree': 2}",-0.4909621868138394,50.987890005111694,2,0.0005,36,54,0.3333333333333333
4,enhanced_lasso,46.67907059696952,47.121282181617104,25.441956975985008,27.701547858537495,0.4158296548345225,0.27198288237615764,109.81038515075282,129.8402140181167,"{'lasso__alpha': 0.0005, 'polynomialfeatures__degree': 2}",-0.49962862258327684,48.0720694065094,2,0.0005,36,54,0.3333333333333333
5,enhanced_lasso,46.92308055797318,46.14922894824625,25.806257937097957,25.39271534674976,0.4187718696203764,0.35420588200484104,112.54333561557746,109.47277803887805,"{'lasso__alpha': 0.0005, 'polynomialfeatures__degree': 2}",-0.4956012998679172,51.04398727416992,2,0.0005,35,54,0.35185185185185186
