fold,train_mape,val_mape,train_mae,val_mae,train_r2,val_r2,epochs_trained,best_val_loss,training_time
1,42.831764,42.881817,10.173491345837519,10.29050983249367,0.9544699899538417,0.9563055786537195,150,598.713380835363,315.3343782424927
2,56.191666,56.497555,9.105043254904933,9.099467934726121,0.9536778615650445,0.9635823156976627,120,616.6341720092346,248.6127064228058
3,55.243893,55.607372,10.40494879757429,9.92603761462422,0.9296704396555306,0.9398723675713271,111,751.4231861320274,234.0389106273651
4,43.862267,44.24597,9.37796399124257,9.839038172697093,0.952890459293471,0.9414904164201865,121,1099.3741510062791,252.27392959594727
5,59.502308,58.54208,10.888771013973596,11.228776173281979,0.9450942467763526,0.9257703053809856,94,1039.3795902917,194.448832988739
