fold,model_type,train_mape,val_mape,train_mae,val_mae,train_r2,val_r2,train_rmse,val_rmse,best_params,best_cv_score,training_time,polynomial_degree,alpha
1,ridge_fixed,25.149016610183878,25.59403250795933,11.423628327119324,11.751252682279352,0.9075738148809736,0.893850533344186,43.94386822590809,48.49174836456653,"{'polynomialfeatures__degree': 4, 'ridge__alpha': 1e-05}",-1008.1177543342595,15.491063117980957,4,1e-05
2,ridge_fixed,25.267657437711943,25.291288618594553,11.414921138519372,11.310054431857807,0.9101086532914081,0.906145603212903,43.34105100300918,45.581185503219324,"{'polynomialfeatures__degree': 4, 'ridge__alpha': 1e-05}",-1015.0453426101367,6.220334529876709,4,1e-05
3,ridge_fixed,25.268309722322634,25.187132004997476,11.54254376740782,11.075784063997997,0.905704296348252,0.9047995288222064,45.027292228739114,43.32524889366157,"{'polynomialfeatures__degree': 4, 'ridge__alpha': 1e-05}",-1012.5499698478267,6.126774072647095,4,1e-05
4,ridge_fixed,25.3685888884963,24.96629409553383,11.387142780668752,11.476124378138369,0.9046281990857652,0.9196761052848602,44.36940994766388,43.128147721467094,"{'polynomialfeatures__degree': 4, 'ridge__alpha': 0.1}",-1274.7499903935836,6.311908721923828,4,0.1
5,ridge_fixed,25.13834746460174,25.394559746559402,11.254742754831163,11.71756694396558,0.9153784831510343,0.9071506364420296,42.94245539005075,41.509601316320506,"{'polynomialfeatures__degree': 4, 'ridge__alpha': 1e-05}",-1072.7609499328908,6.778222560882568,4,1e-05
