fold,model_type,train_mape,val_mape,train_mae,val_mae,train_r2,val_r2,train_rmse,val_rmse,best_params,best_cv_score,training_time,polynomial_degree,alpha,non_zero_coefs,total_coefs,sparsity
1,lasso,552.7671752005974,551.9020894061416,54.98858255166181,55.63906786465813,0.03630299944914195,0.04365629249850089,141.89628436610963,145.55124914036935,"{'lasso__alpha': 100.0, 'polynomialfeatures__degree': 2}",-21566.673271402615,20.783931970596313,2,100.0,1,54,0.9814814814814815
2,lasso,548.3985279151424,553.3644805789183,54.852967875137644,55.92969712299056,0.04310881121292964,0.03179266583364371,141.40728140525687,146.40047609206525,"{'lasso__alpha': 100.0, 'polynomialfeatures__degree': 2}",-21618.948308761715,7.2275166511535645,2,100.0,1,54,0.9814814814814815
3,lasso,555.9169100872837,559.138549719231,55.79982456825775,53.757218065054246,0.042548161086600866,0.03475880466274439,143.4790019063963,137.95563411613125,"{'lasso__alpha': 100.0, 'polynomialfeatures__degree': 2}",-22254.346217593018,7.17643404006958,2,100.0,1,54,0.9814814814814815
4,lasso,552.6209243988484,552.873395486515,54.88170999922121,55.90563387179596,0.03418166478784945,0.04500078672611563,141.19567189547817,148.7099180010447,"{'lasso__alpha': 100.0, 'polynomialfeatures__degree': 2}",-21331.935050894474,7.203765869140625,2,100.0,1,54,0.9814814814814815
5,lasso,554.1065232140371,546.5159573321832,55.36130423911775,54.664519654739934,0.04197471089948235,0.03763979477599977,144.48905708061739,133.63737139712842,"{'lasso__alpha': 100.0, 'polynomialfeatures__degree': 2}",-22504.434058647454,7.156761169433594,2,100.0,1,54,0.9814814814814815
