fold,model_type,train_mape,val_mape,train_mae,val_mae,train_r2,val_r2,train_rmse,val_rmse,best_params,best_cv_score,training_time,polynomial_degree,alpha,non_zero_coefs,total_coefs,sparsity
1,enhanced_lasso,40.37618672253395,40.96890715461273,22.244524517695,22.717998953487598,0.6171245127597675,0.6314892633004877,89.43953877673302,90.35121715678923,"{'lasso__alpha': 0.01, 'polynomialfeatures__degree': 3}",-0.8660651777225213,1305.8034145832062,3,0.01,47,219,0.7853881278538812
2,enhanced_lasso,40.549865622701354,40.542896711752526,22.278005349341804,22.75867515225008,0.6255914005304605,0.5979686830200106,88.45317017476462,94.33834374903054,"{'lasso__alpha': 0.01, 'polynomialfeatures__degree': 3}",-0.8546051717442475,1456.3942363262177,3,0.01,47,219,0.7853881278538812
3,enhanced_lasso,40.464592344183,40.367618940798714,22.477342288901,21.81105875746403,0.6281932610077751,0.6129805929022323,89.41049652048261,87.35502433304745,"{'lasso__alpha': 0.01, 'polynomialfeatures__degree': 3}",-0.8542365773447665,1346.3922064304352,3,0.01,48,219,0.7808219178082192
4,enhanced_lasso,40.43902678339688,40.345340451358666,22.290074289350542,22.90977990134585,0.6151422248016034,0.6356171012241637,89.12997689413334,91.8580920228255,"{'lasso__alpha': 0.01, 'polynomialfeatures__degree': 3}",-0.8115387963376287,1450.7268860340118,3,0.01,45,219,0.7945205479452054
5,enhanced_lasso,40.43421474598411,40.195209548616155,22.4913015825005,21.673153179644345,0.6227066811018842,0.6291646901820731,90.67467917690625,82.95635021774724,"{'lasso__alpha': 0.01, 'polynomialfeatures__degree': 3}",-0.8614898652545037,1214.3382229804993,3,0.01,47,219,0.7853881278538812
