fold,train_mape,val_mape,train_mae,val_mae,train_r2,val_r2,epochs_trained,best_val_loss,training_time
1,29.668606,29.927906,18.66452237789894,19.21489112125589,0.37205195160117466,0.35307862085998587,43,19.547255533859442,138.83367276191711
2,25.534573,25.238537,18.718386747105555,19.23282911936958,0.32941155552340173,0.34360142341604727,41,20.578926856092398,124.4239854812622
3,27.2047,27.011766,18.612394849532222,17.492131954152864,0.3609863760271339,0.36522408350197644,59,21.084940304894666,178.72795462608337
4,24.182508,24.244217,18.208699196584814,19.3322782888815,0.35394622019449473,0.32263292611300554,38,21.453614223052853,115.58094668388367
5,24.000969,24.225538,19.272388474925773,18.383526110997447,0.28918991824500484,0.32396401860959523,34,21.45152454455364,103.87050700187683
