fold,train_mape,val_mape,train_mae,val_mae,train_r2,val_r2,train_rmse,val_rmse,best_params,best_cv_score,training_time
1,4.029670434439758,4.386587058675703,0.02783326662482991,0.03317128634755162,0.9924473332550722,0.9856525708053446,0.09060032057068948,0.1177061339920731,"{'subsample': 1.0, 'reg_lambda': 5, 'reg_alpha': 0.1, 'n_estimators': 300, 'min_child_weight': 1, 'max_depth': 8, 'learning_rate': 0.2, 'gamma': 0, 'colsample_bytree': 0.9, 'colsample_bylevel': 0.8}",-0.5294355324755776,398.59650897979736
2,4.143132710871888,4.527917152518371,0.028936341211631682,0.03647502442200978,0.99330945955953,0.97926094008264,0.08390231895357894,0.15132982003512838,"{'subsample': 1.0, 'reg_lambda': 2, 'reg_alpha': 0.1, 'n_estimators': 300, 'min_child_weight': 5, 'max_depth': 8, 'learning_rate': 0.2, 'gamma': 0, 'colsample_bytree': 1.0, 'colsample_bylevel': 0.8}",-0.47279270178173954,397.7699866294861
3,4.046392712476402,4.442202471268778,0.02764621295844731,0.03569007230841595,0.9928690210018999,0.9785376151833078,0.08623075881244006,0.15654888738498463,"{'subsample': 1.0, 'reg_lambda': 5, 'reg_alpha': 0.1, 'n_estimators': 300, 'min_child_weight': 1, 'max_depth': 8, 'learning_rate': 0.2, 'gamma': 0, 'colsample_bytree': 0.9, 'colsample_bylevel': 0.8}",-0.49645871417913506,400.95162868499756
4,3.9693443126047194,4.208339299575745,0.0274196910912144,0.032336862380953804,0.9924907275308602,0.9847702857634911,0.0911768628291355,0.11605198946126616,"{'subsample': 1.0, 'reg_lambda': 5, 'reg_alpha': 0.1, 'n_estimators': 300, 'min_child_weight': 1, 'max_depth': 8, 'learning_rate': 0.2, 'gamma': 0, 'colsample_bytree': 0.9, 'colsample_bylevel': 0.8}",-0.5367865649007716,403.78197741508484
5,4.1645344478088555,4.4774995721810145,0.02941285602586425,0.035443521064260734,0.9924000076550289,0.9820482327331126,0.08822727449966575,0.14775723986905934,"{'subsample': 1.0, 'reg_lambda': 2, 'reg_alpha': 0.1, 'n_estimators': 300, 'min_child_weight': 5, 'max_depth': 8, 'learning_rate': 0.2, 'gamma': 0, 'colsample_bytree': 1.0, 'colsample_bylevel': 0.8}",-0.5195145589747282,403.01028060913086
