fold,train_mape,val_mape,train_mae,val_mae,train_r2,val_r2,train_rmse,val_rmse,best_params,best_cv_score,training_time
1,2.207908891686041,2.436243034805039,0.031431971071077876,0.03587918849282315,0.994652252375732,0.9937587076728552,0.13444378062448262,0.1490981456601159,"{'max_depth': 15, 'max_features': 'sqrt', 'max_samples': 0.8, 'min_samples_leaf': 2, 'min_samples_split': 2, 'n_estimators': 200}",-0.11091976756549793,3400.859110593796
2,2.162295262856374,2.3748343657509396,0.028732482106639506,0.03519506464534671,0.9964546475440206,0.9912327595577758,0.11007865519835376,0.1729154161993854,"{'max_depth': 15, 'max_features': 'sqrt', 'max_samples': 0.8, 'min_samples_leaf': 1, 'min_samples_split': 2, 'n_estimators': 200}",-0.10616009793032892,3375.3788499832153
3,1.5795009898875407,1.9139537456815106,0.022805532804314604,0.030226733404282932,0.9967664001248762,0.9935681474413417,0.10722514160710198,0.13559613769605733,"{'max_depth': 20, 'max_features': 'sqrt', 'max_samples': 1.0, 'min_samples_leaf': 1, 'min_samples_split': 2, 'n_estimators': 400}",-0.11031740889287996,3374.8658108711243
4,1.6054614365911526,1.8508929818204152,0.02315209265682116,0.029627183182890746,0.9965442923436104,0.9948298074306248,0.10835341914441282,0.13436438073382231,"{'max_depth': 20, 'max_features': 'sqrt', 'max_samples': 1.0, 'min_samples_leaf': 1, 'min_samples_split': 2, 'n_estimators': 200}",-0.10729529384099556,3371.588919878006
5,2.0800383857742095,2.294891488520603,0.027506801263757145,0.03559844652094862,0.997304313805364,0.9910586958256183,0.09475682823642044,0.18330093763563612,"{'max_depth': 15, 'max_features': 'sqrt', 'max_samples': 0.9, 'min_samples_leaf': 1, 'min_samples_split': 2, 'n_estimators': 200}",-0.10737348577940013,3364.2708909511566
