fold,train_mape,val_mape,train_mae,val_mae,train_r2,val_r2,epochs_trained,best_val_mape,training_time
1,19.438038,19.139185,12.150300578451775,12.189688785718634,0.74338495833954,0.7187001245739129,348,18.832592,2383.5961241722107
2,25.061378,25.299606,14.526024937809675,15.031384075938107,0.6651785484817652,0.683136423923018,384,23.678196,2577.284414768219
3,21.5841,21.897238,12.797380037551576,12.407992497736757,0.7346646752780076,0.7409085948883334,281,20.98243,1878.3064541816711
4,22.427563,22.35311,13.514033090892163,14.399437801938552,0.6914558617909607,0.6561651921829149,336,21.537724,2228.296493768692
5,25.28159,25.545301,14.591831427833863,13.835953467093505,0.678665162219026,0.7085350226252461,299,23.984444,2062.6537668704987
