fold,train_mape,val_mape,train_mae,val_mae,train_r2,val_r2,epochs_trained,best_val_mape,training_time
1,25.425573,25.759703,9.625546701798191,9.80657842122115,0.8958511194544947,0.885683753434376,68,18.344036,552.2932929992676
2,25.957798,25.62558,11.25736205395166,11.455080364253615,0.8263673878796078,0.8413003093686137,54,18.764822,434.07434821128845
3,20.469227,20.267721,9.282317121419814,8.928197730857056,0.8559126214793489,0.8687309862419751,64,18.817991,513.0012903213501
4,20.769583,20.970594,10.185847879700459,10.824033581088116,0.8412006405501403,0.8215528887596717,39,18.89892,310.8958749771118
5,24.123482,24.413126,10.744891354784176,10.531475785761685,0.838482727277771,0.8500007986065401,46,19.42616,360.4579179286957
